{"words": [{"word": "phenanthrolineplatinumiiethylenediamine", "amount": 1}, {"word": "", "amount": 9}, {"word": "pept", "amount": 2}, {"word": "forms", "amount": 2}, {"word": "a", "amount": 1}, {"word": "crystalline", "amount": 1}, {"word": "complex", "amount": 1}, {"word": "with", "amount": 2}, {"word": "cytidine", "amount": 1}, {"word": "phosphate", "amount": 1}, {"word": "cmp", "amount": 2}, {"word": "and", "amount": 5}, {"word": "its", "amount": 1}, {"word": "structure", "amount": 2}, {"word": "has", "amount": 1}, {"word": "been", "amount": 1}, {"word": "determined", "amount": 1}, {"word": "by", "amount": 2}, {"word": "xray", "amount": 1}, {"word": "crystallography.", "amount": 1}, {"word": "molecules", "amount": 1}, {"word": "are", "amount": 3}, {"word": "hemiprotonated", "amount": 1}, {"word": "form", "amount": 1}, {"word": "hydrogenbonded", "amount": 1}, {"word": "pairs", "amount": 1}, {"word": "that", "amount": 1}, {"word": "stack", "amount": 1}, {"word": "above", "amount": 1}, {"word": "below", "amount": 1}, {"word": "the", "amount": 8}, {"word": "phenanthrolineplatinumii", "amount": 1}, {"word": "drug", "amount": 1}, {"word": "molecule.", "amount": 1}, {"word": "sugar", "amount": 1}, {"word": "residues", "amount": 1}, {"word": "in", "amount": 1}, {"word": "c", "amount": 1}, {"word": "endo", "amount": 1}, {"word": "conformation", "amount": 1}, {"word": "glycosidic", "amount": 1}, {"word": "torsional", "amount": 1}, {"word": "angles", "amount": 1}, {"word": "intermediate", "amount": 1}, {"word": "between", "amount": 1}, {"word": "high", "amount": 1}, {"word": "low", "amount": 1}, {"word": "anti", "amount": 1}, {"word": "forms.", "amount": 1}, {"word": "is", "amount": 1}, {"word": "of", "amount": 3}, {"word": "particular", "amount": 1}, {"word": "interest", "amount": 1}, {"word": "since", "amount": 2}, {"word": "it", "amount": 1}, {"word": "as", "amount": 1}, {"word": "an", "amount": 1}, {"word": "end", "amount": 1}, {"word": "product", "amount": 1}, {"word": "hydrolytic", "amount": 2}, {"word": "cleavage", "amount": 1}, {"word": "dinucleoside", "amount": 2}, {"word": "monophosphate", "amount": 2}, {"word": "cpg", "amount": 1}, {"word": "platinum", "amount": 1}, {"word": "organometallointercalator", "amount": 1}, {"word": ".", "amount": 1}, {"word": "this", "amount": 1}, {"word": "activity", "amount": 1}, {"word": "appears", "amount": 1}, {"word": "to", "amount": 1}, {"word": "be", "amount": 1}, {"word": "specific", "amount": 1}, {"word": "for", "amount": 1}, {"word": "rna", "amount": 1}, {"word": "fragment", "amount": 1}, {"word": "deoxycytidylyl", "amount": 1}, {"word": "deoxyguanosine", "amount": 1}, {"word": "dcpg", "amount": 1}, {"word": "other", "amount": 1}, {"word": "deoxyribooligonucleotides", "amount": 1}, {"word": "not", "amount": 1}, {"word": "cleaved", "amount": 1}, {"word": "under", "amount": 1}, {"word": "similar", "amount": 1}, {"word": "conditions.", "amount": 1}], "articletitle": "test1", "filepath": "/test/test1", "totalwordsinarticle": 119}