{"words": [{"word": "hadenine", "amount": 5}, {"word": "has", "amount": 1}, {"word": "previously", "amount": 1}, {"word": "been", "amount": 2}, {"word": "used", "amount": 2}, {"word": "to", "amount": 3}, {"word": "label", "amount": 1}, {"word": "the", "amount": 8}, {"word": "newly", "amount": 1}, {"word": "discovered", "amount": 1}, {"word": "g", "amount": 1}, {"word": "proteincoupled", "amount": 1}, {"word": "murine", "amount": 1}, {"word": "adenine", "amount": 3}, {"word": "receptors.", "amount": 1}, {"word": "recent", "amount": 1}, {"word": "reports", "amount": 1}, {"word": "have", "amount": 2}, {"word": "questioned", "amount": 1}, {"word": "suitability", "amount": 1}, {"word": "of", "amount": 5}, {"word": "for", "amount": 6}, {"word": "receptor", "amount": 2}, {"word": "binding", "amount": 7}, {"word": "studies", "amount": 3}, {"word": "because", "amount": 1}, {"word": "curious", "amount": 1}, {"word": "results", "amount": 2}, {"word": "e.g.", "amount": 1}, {"word": "high", "amount": 4}, {"word": "specific", "amount": 3}, {"word": "even", "amount": 1}, {"word": "in", "amount": 4}, {"word": "absence", "amount": 1}, {"word": "mammalian", "amount": 2}, {"word": "protein.", "amount": 1}, {"word": "this", "amount": 1}, {"word": "study", "amount": 1}, {"word": "we", "amount": 3}, {"word": "showed", "amount": 2}, {"word": "that", "amount": 9}, {"word": "various", "amount": 1}, {"word": "membrane", "amount": 1}, {"word": "preparations", "amount": 1}, {"word": "increased", "amount": 1}, {"word": "linearly", "amount": 1}, {"word": "with", "amount": 2}, {"word": "protein", "amount": 1}, {"word": "concentration.", "amount": 1}, {"word": "furthermore", "amount": 1}, {"word": "found", "amount": 1}, {"word": "trisbuffer", "amount": 1}, {"word": "solutions", "amount": 2}, {"word": "typically", "amount": 1}, {"word": "radioligand", "amount": 2}, {"word": "mm", "amount": 1}, {"word": "ph", "amount": 1}, {"word": ".", "amount": 1}, {"word": "not", "amount": 2}, {"word": "freshly", "amount": 1}, {"word": "prepared", "amount": 1}, {"word": "but", "amount": 3}, {"word": "stored", "amount": 1}, {"word": "at", "amount": 1}, {"word": "c", "amount": 1}, {"word": "some", "amount": 1}, {"word": "time", "amount": 1}, {"word": "may", "amount": 2}, {"word": "contain", "amount": 1}, {"word": "bacterial", "amount": 2}, {"word": "contaminations", "amount": 1}, {"word": "exhibit", "amount": 1}, {"word": "affinity", "amount": 3}, {"word": "hadenine.", "amount": 1}, {"word": "is", "amount": 3}, {"word": "abolished", "amount": 1}, {"word": "by", "amount": 1}, {"word": "heating", "amount": 1}, {"word": "contaminated", "amount": 2}, {"word": "buffer", "amount": 3}, {"word": "or", "amount": 1}, {"word": "filtering", "amount": 1}, {"word": "it", "amount": 2}, {"word": "through", "amount": 1}, {"word": ".m", "amount": 1}, {"word": "filters.", "amount": 1}, {"word": "three", "amount": 1}, {"word": "different", "amount": 1}, {"word": "aerobic", "amount": 1}, {"word": "gramnegative", "amount": 1}, {"word": "bacteria", "amount": 2}, {"word": "were", "amount": 1}, {"word": "isolated", "amount": 1}, {"word": "from", "amount": 1}, {"word": "a", "amount": 5}, {"word": "solution", "amount": 1}, {"word": "and", "amount": 3}, {"word": "identified", "amount": 1}, {"word": "as", "amount": 1}, {"word": "achromobacter", "amount": 1}, {"word": "xylosoxidans", "amount": 3}, {"word": "a.", "amount": 3}, {"word": "denitrificans", "amount": 1}, {"word": "acinetobacter", "amount": 1}, {"word": "lwoffii.", "amount": 1}, {"word": "common", "amount": 1}, {"word": "bacterium", "amount": 1}, {"word": "can", "amount": 1}, {"word": "cause", "amount": 1}, {"word": "nosocomial", "amount": 1}, {"word": "infections", "amount": 1}, {"word": "particularly", "amount": 1}, {"word": "low", "amount": 1}, {"word": "nanomolar", "amount": 1}, {"word": "range.", "amount": 1}, {"word": "structureactivity", "amount": 1}, {"word": "relationships", "amount": 1}, {"word": "revealed", "amount": 1}, {"word": "hypoxanthine", "amount": 1}, {"word": "also", "amount": 1}, {"word": "bound", "amount": 1}, {"word": "whereas", "amount": 1}, {"word": "other", "amount": 1}, {"word": "nucleobases", "amount": 1}, {"word": "uracil", "amount": 1}, {"word": "xanthine", "amount": 1}, {"word": "nucleosides", "amount": 1}, {"word": "adenosine", "amount": 1}, {"word": "uridine", "amount": 1}, {"word": "did", "amount": 1}, {"word": "not.", "amount": 1}, {"word": "nature", "amount": 1}, {"word": "labeled", "amount": 1}, {"word": "site", "amount": 1}, {"word": "known", "amount": 1}, {"word": "preliminary", "amount": 1}, {"word": "indicate", "amount": 1}, {"word": "be", "amount": 2}, {"word": "highaffinity", "amount": 1}, {"word": "purine", "amount": 1}, {"word": "transporter.", "amount": 1}, {"word": "conclude", "amount": 1}, {"word": "wellsuitable", "amount": 1}, {"word": "contamination", "amount": 1}, {"word": "employed", "amount": 1}, {"word": "must", "amount": 1}, {"word": "avoided.", "amount": 1}, {"word": "", "amount": 1}], "articletitle": "test0", "filepath": "/test/test0", "totalwordsinarticle": 233}