{"words": [{"word": "", "amount": 11}, {"word": "linked", "amount": 4}, {"word": "oligo", "amount": 3}, {"word": "deoxyribonucleotides", "amount": 1}, {"word": "bind", "amount": 1}, {"word": "selectively", "amount": 1}, {"word": "to", "amount": 4}, {"word": "complementary", "amount": 1}, {"word": "rna", "amount": 2}, {"word": "but", "amount": 1}, {"word": "not", "amount": 3}, {"word": "dna.", "amount": 1}, {"word": "these", "amount": 2}, {"word": "oligonucleotides", "amount": 1}, {"word": "odns", "amount": 5}, {"word": "do", "amount": 1}, {"word": "recognize", "amount": 1}, {"word": "doublestranded", "amount": 1}, {"word": "dna", "amount": 1}, {"word": "by", "amount": 3}, {"word": "hoogsteen", "amount": 1}, {"word": "triplex", "amount": 1}, {"word": "formation", "amount": 1}, {"word": "and", "amount": 1}, {"word": "the", "amount": 4}, {"word": "complexes", "amount": 1}, {"word": "formed", "amount": 1}, {"word": "with", "amount": 1}, {"word": "are", "amount": 1}, {"word": "substrates", "amount": 1}, {"word": "for", "amount": 1}, {"word": "escherichia", "amount": 1}, {"word": "coli", "amount": 1}, {"word": "rnase", "amount": 2}, {"word": "h.", "amount": 1}, {"word": "substitution", "amount": 1}, {"word": "of", "amount": 4}, {"word": "phosphodiester", "amount": 1}, {"word": "backbone", "amount": 1}, {"word": "phosphorothioate", "amount": 3}, {"word": "linkages", "amount": 2}, {"word": "gives", "amount": 1}, {"word": "deoxynucleoside", "amount": 2}, {"word": "that", "amount": 2}, {"word": "exhibit", "amount": 1}, {"word": "significantly", "amount": 1}, {"word": "less", "amount": 1}, {"word": "nonspecific", "amount": 1}, {"word": "binding", "amount": 1}, {"word": "cellular", "amount": 1}, {"word": "proteins", "amount": 1}, {"word": "or", "amount": 1}, {"word": "thrombin.", "amount": 1}, {"word": "incorporation", "amount": 1}, {"word": "a", "amount": 2}, {"word": "stretch", "amount": 1}, {"word": "seven", "amount": 1}, {"word": "contiguous", "amount": 1}, {"word": "in", "amount": 2}, {"word": "center", "amount": 1}, {"word": "as", "amount": 1}, {"word": "putative", "amount": 1}, {"word": "h", "amount": 1}, {"word": "recognition", "amount": 1}, {"word": "site", "amount": 1}, {"word": "afford", "amount": 1}, {"word": "chimeric", "amount": 1}, {"word": "antisense", "amount": 1}, {"word": "retain", "amount": 1}, {"word": "ability", "amount": 1}, {"word": "inhibit", "amount": 1}, {"word": "steroid", "amount": 1}, {"word": "alphareductase", "amount": 1}, {"word": "alphar", "amount": 1}, {"word": "expression", "amount": 1}, {"word": "cell", "amount": 1}, {"word": "culture.", "amount": 1}], "articletitle": "test4", "filepath": "/test/test4", "totalwordsinarticle": 119}