{"words": [{"word": "arylhydrazonooxobutanenitriles", "amount": 1}, {"word": "", "amount": 10}, {"word": "was", "amount": 6}, {"word": "reacted", "amount": 1}, {"word": "with", "amount": 4}, {"word": "hydroxylamine", "amount": 1}, {"word": "hydrochloride", "amount": 1}, {"word": "to", "amount": 4}, {"word": "yield", "amount": 2}, {"word": "amidooxime", "amount": 1}, {"word": ".", "amount": 4}, {"word": "this", "amount": 1}, {"word": "cyclized", "amount": 1}, {"word": "into", "amount": 2}, {"word": "the", "amount": 6}, {"word": "corresponding", "amount": 2}, {"word": "oxadiazole", "amount": 1}, {"word": "on", "amount": 1}, {"word": "refluxing", "amount": 2}, {"word": "in", "amount": 4}, {"word": "acetic", "amount": 2}, {"word": "anhydride.", "amount": 1}, {"word": "when", "amount": 1}, {"word": "refluxed", "amount": 1}, {"word": "dmf", "amount": 1}, {"word": "presence", "amount": 1}, {"word": "of", "amount": 4}, {"word": "piperidine", "amount": 1}, {"word": "triazoleamine", "amount": 1}, {"word": "formed.", "amount": 2}, {"word": "latter", "amount": 1}, {"word": "acylated", "amount": 1}, {"word": "by", "amount": 1}, {"word": "addition", "amount": 1}, {"word": "anhydride", "amount": 1}, {"word": "while", "amount": 1}, {"word": "treatment", "amount": 2}, {"word": "malononitrile", "amount": 1}, {"word": "gave", "amount": 2}, {"word": "triazolo", "amount": 2}, {"word": "bpyridine", "amount": 2}, {"word": "acetyl", "amount": 1}, {"word": "derivative", "amount": 1}, {"word": "dmfdma", "amount": 1}, {"word": "enaminone", "amount": 2}, {"word": "coupled", "amount": 1}, {"word": "benzenediazonium", "amount": 1}, {"word": "chloride", "amount": 1}, {"word": "phenylazotriazolo", "amount": 1}, {"word": "trials", "amount": 1}, {"word": "convert", "amount": 1}, {"word": "compound", "amount": 1}, {"word": "dpyrimidine", "amount": 1}, {"word": "via", "amount": 1}, {"word": "acohnhoac", "amount": 1}, {"word": "failed.", "amount": 1}, {"word": "instead", "amount": 1}, {"word": "hydrolyzed", "amount": 1}, {"word": "product", "amount": 1}], "articletitle": "test6", "filepath": "/test/test6", "totalwordsinarticle": 104}