{"words": [{"word": "butadiene", "amount": 8}, {"word": "is", "amount": 4}, {"word": "a", "amount": 3}, {"word": "major", "amount": 2}, {"word": "monomer", "amount": 1}, {"word": "in", "amount": 13}, {"word": "the", "amount": 13}, {"word": "rubber", "amount": 1}, {"word": "and", "amount": 9}, {"word": "plastics", "amount": 1}, {"word": "industry", "amount": 1}, {"word": "one", "amount": 1}, {"word": "of", "amount": 16}, {"word": "highestproduction", "amount": 1}, {"word": "industrial", "amount": 1}, {"word": "chemicals", "amount": 1}, {"word": "united", "amount": 1}, {"word": "states.", "amount": 1}, {"word": "although", "amount": 2}, {"word": "not", "amount": 1}, {"word": "highly", "amount": 1}, {"word": "acutely", "amount": 1}, {"word": "toxic", "amount": 1}, {"word": "to", "amount": 8}, {"word": "rodents", "amount": 1}, {"word": "inhalation", "amount": 1}, {"word": "concentrations", "amount": 2}, {"word": "as", "amount": 3}, {"word": "low", "amount": 3}, {"word": ".", "amount": 1}, {"word": "ppm", "amount": 1}, {"word": "causes", "amount": 1}, {"word": "tumors", "amount": 1}, {"word": "mice.", "amount": 2}, {"word": "oncogenic", "amount": 1}, {"word": "rats", "amount": 3}, {"word": "but", "amount": 2}, {"word": "much", "amount": 2}, {"word": "higher", "amount": 3}, {"word": "exposure", "amount": 3}, {"word": "are", "amount": 1}, {"word": "required", "amount": 2}, {"word": "than", "amount": 2}, {"word": "chronic", "amount": 1}, {"word": "toxicity", "amount": 1}, {"word": "targets", "amount": 1}, {"word": "gonads", "amount": 1}, {"word": "hematopoietic", "amount": 1}, {"word": "system.", "amount": 1}, {"word": "also", "amount": 1}, {"word": "potent", "amount": 1}, {"word": "mutagen", "amount": 1}, {"word": "clastogen.", "amount": 1}, {"word": "differences", "amount": 3}, {"word": "absorption", "amount": 1}, {"word": "distribution", "amount": 1}, {"word": "elimination", "amount": 1}, {"word": "appear", "amount": 3}, {"word": "be", "amount": 4}, {"word": "relatively", "amount": 1}, {"word": "minor", "amount": 1}, {"word": "between", "amount": 1}, {"word": "mice", "amount": 4}, {"word": "do", "amount": 1}, {"word": "retain", "amount": 1}, {"word": "more", "amount": 1}, {"word": "its", "amount": 1}, {"word": "metabolites", "amount": 1}, {"word": "after", "amount": 1}, {"word": "same", "amount": 1}, {"word": "concentration", "amount": 1}, {"word": "have", "amount": 6}, {"word": "rate", "amount": 4}, {"word": "metabolic", "amount": 1}, {"word": "elimination.", "amount": 1}, {"word": "recent", "amount": 1}, {"word": "studies", "amount": 1}, {"word": "demonstrated", "amount": 1}, {"word": "that", "amount": 1}, {"word": "species", "amount": 3}, {"word": "occur", "amount": 1}, {"word": "detoxication", "amount": 1}, {"word": "primary", "amount": 1}, {"word": "metabolite", "amount": 2}, {"word": "epoxybutene", "amount": 1}, {"word": "monoepoxide", "amount": 1}, {"word": "bdmo.", "amount": 1}, {"word": "greatest", "amount": 1}, {"word": "production", "amount": 1}, {"word": "bdmo", "amount": 4}, {"word": "compared", "amount": 1}, {"word": "other", "amount": 3}, {"word": "removal", "amount": 1}, {"word": "appears", "amount": 1}, {"word": "less", "amount": 1}, {"word": "species.", "amount": 2}, {"word": "levels", "amount": 5}, {"word": "epoxide", "amount": 1}, {"word": "hydrolase", "amount": 1}, {"word": "intermediate", "amount": 1}, {"word": "monkeys", "amount": 1}, {"word": "humans", "amount": 1}, {"word": "high", "amount": 1}, {"word": "this", "amount": 2}, {"word": "detoxifying", "amount": 1}, {"word": "enzyme.", "amount": 1}, {"word": "thus", "amount": 1}, {"word": "while", "amount": 1}, {"word": "only", "amount": 1}, {"word": "may", "amount": 2}, {"word": "result", "amount": 2}, {"word": "an", "amount": 2}, {"word": "accumulation", "amount": 1}, {"word": "mouse", "amount": 1}, {"word": "would", "amount": 1}, {"word": "elevation", "amount": 1}, {"word": "circulating", "amount": 1}, {"word": "level", "amount": 1}, {"word": "reactive", "amount": 1}, {"word": "correlated", "amount": 1}, {"word": "with", "amount": 1}, {"word": "sensitivity.", "amount": 1}, {"word": "", "amount": 1}], "articletitle": "test2", "filepath": "/test/test2", "totalwordsinarticle": 242}