{"words": [{"word": "c", "amount": 3}, {"word": "t", "amount": 1}, {"word": "s", "amount": 2}, {"word": "and", "amount": 3}, {"word": "noe", "amount": 1}, {"word": "have", "amount": 1}, {"word": "been", "amount": 1}, {"word": "measured", "amount": 2}, {"word": "for", "amount": 5}, {"word": "all", "amount": 2}, {"word": "protonated", "amount": 1}, {"word": "carbons", "amount": 1}, {"word": "of", "amount": 5}, {"word": "", "amount": 8}, {"word": "deoxydribose", "amount": 1}, {"word": "dribose", "amount": 1}, {"word": "deoxyadenosine", "amount": 1}, {"word": "monophosphate", "amount": 3}, {"word": "damp", "amount": 1}, {"word": "thymidine", "amount": 2}, {"word": "tmp", "amount": 2}, {"word": "in", "amount": 4}, {"word": "do", "amount": 1}, {"word": "solutions.", "amount": 1}, {"word": "the", "amount": 5}, {"word": "deoxy", "amount": 1}, {"word": "sugars", "amount": 1}, {"word": "examined", "amount": 1}, {"word": "nt", "amount": 2}, {"word": "values", "amount": 3}, {"word": "are", "amount": 3}, {"word": "significantly", "amount": 1}, {"word": "larger", "amount": 1}, {"word": "than", "amount": 1}, {"word": "remaining", "amount": 1}, {"word": "carbons.", "amount": 1}, {"word": "this", "amount": 1}, {"word": "result", "amount": 1}, {"word": "is", "amount": 1}, {"word": "interpreted", "amount": 1}, {"word": "terms", "amount": 1}, {"word": "rapid", "amount": 1}, {"word": "puckering", "amount": 1}, {"word": "motion", "amount": 1}, {"word": ".", "amount": 1}, {"word": "by", "amount": 1}, {"word": "contrast", "amount": 1}, {"word": "ribose", "amount": 1}, {"word": "found", "amount": 1}, {"word": "to", "amount": 1}, {"word": "be", "amount": 1}, {"word": "equal", "amount": 1}, {"word": "within", "amount": 1}, {"word": "experimental", "amount": 1}, {"word": "error.", "amount": 1}, {"word": "results", "amount": 2}, {"word": "compared", "amount": 1}, {"word": "with", "amount": 2}, {"word": "analogous", "amount": 1}, {"word": "data", "amount": 1}, {"word": "obtained", "amount": 1}, {"word": "five", "amount": 1}, {"word": "membered", "amount": 1}, {"word": "pyrrolidine", "amount": 1}, {"word": "ring", "amount": 1}, {"word": "proline", "amount": 1}, {"word": "dna", "amount": 1}, {"word": "itself.", "amount": 1}], "articletitle": "test3", "filepath": "/test/test3", "totalwordsinarticle": 108}