{"words": [{"word": "deoxyribonolactone", "amount": 1}, {"word": "dl", "amount": 8}, {"word": "is", "amount": 1}, {"word": "a", "amount": 9}, {"word": "coxidized", "amount": 1}, {"word": "abasic", "amount": 2}, {"word": "site", "amount": 2}, {"word": "damage", "amount": 1}, {"word": "generated", "amount": 1}, {"word": "by", "amount": 4}, {"word": "radical", "amount": 1}, {"word": "attack", "amount": 1}, {"word": "on", "amount": 1}, {"word": "dna.", "amount": 1}, {"word": "numerous", "amount": 1}, {"word": "genotoxic", "amount": 1}, {"word": "agents", "amount": 1}, {"word": "have", "amount": 3}, {"word": "been", "amount": 2}, {"word": "shown", "amount": 1}, {"word": "to", "amount": 3}, {"word": "produce", "amount": 1}, {"word": "including", "amount": 1}, {"word": "uv", "amount": 1}, {"word": "and", "amount": 2}, {"word": "irradiation", "amount": 1}, {"word": "enedye", "amount": 1}, {"word": "antibiotics", "amount": 1}, {"word": "etc.", "amount": 1}, {"word": "at", "amount": 2}, {"word": "present", "amount": 2}, {"word": "the", "amount": 10}, {"word": "biological", "amount": 1}, {"word": "consequences", "amount": 1}, {"word": "of", "amount": 8}, {"word": "in", "amount": 13}, {"word": "dna", "amount": 3}, {"word": "poorly", "amount": 1}, {"word": "documented", "amount": 1}, {"word": "mainly", "amount": 2}, {"word": "due", "amount": 1}, {"word": "lack", "amount": 1}, {"word": "method", "amount": 1}, {"word": "for", "amount": 2}, {"word": "introducing", "amount": 1}, {"word": "lesion", "amount": 2}, {"word": "oligonucleotides.", "amount": 1}, {"word": "we", "amount": 3}, {"word": "recently", "amount": 1}, {"word": "designed", "amount": 1}, {"word": "synthesis", "amount": 1}, {"word": "which", "amount": 2}, {"word": "allowed", "amount": 1}, {"word": "investigation", "amount": 1}, {"word": "mutagenicity", "amount": 1}, {"word": "escherichia", "amount": 1}, {"word": "coli", "amount": 1}, {"word": "using", "amount": 1}, {"word": "genetic", "amount": 1}, {"word": "reversion", "amount": 3}, {"word": "assay.", "amount": 1}, {"word": "was", "amount": 3}, {"word": "sitespecifically", "amount": 1}, {"word": "incorporated", "amount": 1}, {"word": "doublestranded", "amount": 1}, {"word": "bacteriophage", "amount": 1}, {"word": "vector", "amount": 1}, {"word": "mg", "amount": 1}, {"word": "detects", "amount": 1}, {"word": "singlebasepair", "amount": 1}, {"word": "substitutions", "amount": 1}, {"word": "position", "amount": 1}, {"word": "", "amount": 4}, {"word": "lacz", "amount": 1}, {"word": "gene", "amount": 1}, {"word": "change", "amount": 1}, {"word": "plaque", "amount": 1}, {"word": "color.", "amount": 1}, {"word": "e.coli", "amount": 2}, {"word": "jm", "amount": 1}, {"word": "dlinduced", "amount": 2}, {"word": "frequency", "amount": 1}, {"word": ".", "amount": 1}, {"word": "similar", "amount": 1}, {"word": "that", "amount": 3}, {"word": "classic", "amount": 1}, {"word": "deoxyribose", "amount": 1}, {"word": "dr.", "amount": 1}, {"word": "here", "amount": 1}, {"word": "report", "amount": 1}, {"word": "residue", "amount": 1}, {"word": "duplex", "amount": 1}, {"word": "codes", "amount": 1}, {"word": "thymidine.", "amount": 1}, {"word": "processing", "amount": 1}, {"word": "vivo", "amount": 1}, {"word": "investigated", "amount": 1}, {"word": "measuring", "amount": 1}, {"word": "lesioninduced", "amount": 1}, {"word": "mutation", "amount": 1}, {"word": "frequencies", "amount": 1}, {"word": "repair", "amount": 2}, {"word": "deficient", "amount": 2}, {"word": "strains.", "amount": 1}, {"word": "showed", "amount": 1}, {"word": "fold", "amount": 1}, {"word": "increase", "amount": 1}, {"word": "rate", "amount": 1}, {"word": "ap", "amount": 2}, {"word": "endonuclease", "amount": 1}, {"word": "xth", "amount": 2}, {"word": "nfo", "amount": 2}, {"word": "mutant", "amount": 1}, {"word": "compared", "amount": 1}, {"word": "with", "amount": 1}, {"word": "wildtype", "amount": 1}, {"word": "strain", "amount": 1}, {"word": "indicating", "amount": 1}, {"word": "endonucleases", "amount": 1}, {"word": "participate", "amount": 1}, {"word": "vivo.", "amount": 1}], "articletitle": "test5", "filepath": "/test/test5", "totalwordsinarticle": 201}